{
  "resource": "/helloworld",
  "path": "/helloworld",
  "httpMethod": "GET",
  "headers": {
      "Accept": "*/*",
      "Accept-Encoding": "gzip, deflate, br",
      "Cache-Control": "no-cache",
      "Content-Type": "application/json",
      "day": "Thursday",
      "Host": "2r1cxsciwa.execute-api.us-east-2.amazonaws.com",
      "Postman-Token": "4f65361a-0bfb-498c-9573-d6b048b7763f",
      "User-Agent": "PostmanRuntime/7.23.0",
      "X-Amzn-Trace-Id": "Root=1-5e9b1464-028722545241261486268aa0",
      "X-Forwarded-For": "24.190.215.233",
      "X-Forwarded-Port": "443",
      "X-Forwarded-Proto": "https"
  },
  "multiValueHeaders": {
      "Accept": [
          "*/*"
      ],
      "Accept-Encoding": [
          "gzip, deflate, br"
      ],
      "Cache-Control": [
          "no-cache"
      ],
      "Content-Type": [
          "application/json"
      ],
      "day": [
          "Thursday"
      ],
      "Host": [
          "2r1cxsciwa.execute-api.us-east-2.amazonaws.com"
      ],
      "Postman-Token": [
          "4f65361a-0bfb-498c-9573-d6b048b7763f"
      ],
      "User-Agent": [
          "PostmanRuntime/7.23.0"
      ],
      "X-Amzn-Trace-Id": [
          "Root=1-5e9b1464-028722545241261486268aa0"
      ],
      "X-Forwarded-For": [
          "24.190.215.233"
      ],
      "X-Forwarded-Port": [
          "443"
      ],
      "X-Forwarded-Proto": [
          "https"
      ]
  },
  "queryStringParameters": {
      "city": "Seattle",
      "name": "John"
  },
  "multiValueQueryStringParameters": {
      "city": [
          "Seattle"
      ],
      "name": [
          "John"
      ]
  },
  "pathParameters": null,
  "stageVariables": null,
  "requestContext": {
      "resourceId": "kvvvxj",
      "resourcePath": "/helloworld",
      "httpMethod": "GET",
      "extendedRequestId": "LMAfyGUNCYcF-xA=",
      "requestTime": "18/Apr/2020:14:53:24 +0000",
      "path": "/Prod/helloworld",
      "accountId": "315693992621",
      "protocol": "HTTP/1.1",
      "stage": "Prod",
      "domainPrefix": "2r1cxsciwa",
      "requestTimeEpoch": 1587221604908,
      "requestId": "afd27282-2567-4a85-b19b-ebd5fd8e7eb6",
      "identity": {
          "cognitoIdentityPoolId": null,
          "accountId": null,
          "cognitoIdentityId": null,
          "caller": null,
          "sourceIp": "24.190.215.233",
          "principalOrgId": null,
          "accessKey": null,
          "cognitoAuthenticationType": null,
          "cognitoAuthenticationProvider": null,
          "userArn": null,
          "userAgent": "PostmanRuntime/7.23.0",
          "user": null
      },
      "domainName": "2r1cxsciwa.execute-api.us-east-2.amazonaws.com",
      "apiId": "2r1cxsciwa"
  },
  "body": null,
  "isBase64Encoded": false
}