{
    "resource": "/principles/{uid}",
    "path": "/principles/uidd",
    "httpMethod": "GET",
    "headers": {
        "accept": "text/html,application/xhtml+xml,application/xml;q=0.9,image/webp,image/apng,*/*;q=0.8,application/signed-exchange;v=b3;q=0.9",
        "accept-encoding": "gzip, deflate, br",
        "accept-language": "en-US,en;q=0.9",
        "cache-control": "max-age=0",
        "Host": "2r1cxsciwa.execute-api.us-east-2.amazonaws.com",
        "sec-fetch-dest": "document",
        "sec-fetch-mode": "navigate",
        "sec-fetch-site": "none",
        "sec-fetch-user": "?1",
        "upgrade-insecure-requests": "1",
        "User-Agent": "Mozilla/5.0 (Macintosh; Intel Mac OS X 10_15_3) AppleWebKit/537.36 (KHTML, like Gecko) Chrome/80.0.3987.163 Safari/537.36",
        "X-Amzn-Trace-Id": "Root=1-5e9b521e-19d2dc0c79f3264c2791c888",
        "X-Forwarded-For": "24.190.215.233",
        "X-Forwarded-Port": "443",
        "X-Forwarded-Proto": "https"
    },
    "multiValueHeaders": {
        "accept": [
            "text/html,application/xhtml+xml,application/xml;q=0.9,image/webp,image/apng,*/*;q=0.8,application/signed-exchange;v=b3;q=0.9"
        ],
        "accept-encoding": [
            "gzip, deflate, br"
        ],
        "accept-language": [
            "en-US,en;q=0.9"
        ],
        "cache-control": [
            "max-age=0"
        ],
        "Host": [
            "2r1cxsciwa.execute-api.us-east-2.amazonaws.com"
        ],
        "sec-fetch-dest": [
            "document"
        ],
        "sec-fetch-mode": [
            "navigate"
        ],
        "sec-fetch-site": [
            "none"
        ],
        "sec-fetch-user": [
            "?1"
        ],
        "upgrade-insecure-requests": [
            "1"
        ],
        "User-Agent": [
            "Mozilla/5.0 (Macintosh; Intel Mac OS X 10_15_3) AppleWebKit/537.36 (KHTML, like Gecko) Chrome/80.0.3987.163 Safari/537.36"
        ],
        "X-Amzn-Trace-Id": [
            "Root=1-5e9b521e-19d2dc0c79f3264c2791c888"
        ],
        "X-Forwarded-For": [
            "24.190.215.233"
        ],
        "X-Forwarded-Port": [
            "443"
        ],
        "X-Forwarded-Proto": [
            "https"
        ]
    },
    "queryStringParameters": null,
    "multiValueQueryStringParameters": null,
    "pathParameters": {
        "uid": "uidd"
    },
    "stageVariables": null,
    "requestContext": {
        "resourceId": "ddhh48",
        "resourcePath": "/principles/{uid}",
        "httpMethod": "GET",
        "extendedRequestId": "LMnE2FfgCYcFivg=",
        "requestTime": "18/Apr/2020:19:16:46 +0000",
        "path": "/Prod/principles/uidd",
        "accountId": "315693992621",
        "protocol": "HTTP/1.1",
        "stage": "Prod",
        "domainPrefix": "2r1cxsciwa",
        "requestTimeEpoch": 1587237406970,
        "requestId": "0d370ba2-257d-4e86-aebc-752c50dd5747",
        "identity": {
            "cognitoIdentityPoolId": null,
            "accountId": null,
            "cognitoIdentityId": null,
            "caller": null,
            "sourceIp": "24.190.215.233",
            "principalOrgId": null,
            "accessKey": null,
            "cognitoAuthenticationType": null,
            "cognitoAuthenticationProvider": null,
            "userArn": null,
            "userAgent": "Mozilla/5.0 (Macintosh; Intel Mac OS X 10_15_3) AppleWebKit/537.36 (KHTML, like Gecko) Chrome/80.0.3987.163 Safari/537.36",
            "user": null
        },
        "domainName": "2r1cxsciwa.execute-api.us-east-2.amazonaws.com",
        "apiId": "2r1cxsciwa"
    },
    "body": null,
    "isBase64Encoded": false
}